{
  "hey": "this Alone Md, how can I help you?",
  "oyah": "my friend! What’s up?",
  "ozzah": " radako mzee",
  "rada": "radinya😂",
  "yes": "ok",
  "bro": " am listening to you",
  "yea": "cool😎",
  "sawa": "cool😎",
  "poa": "cool😎",
  "yeah": "cool😎",
  "boss": "cool😎",
  "cheki": "eehh😂😂",
  "acha": "eehhh😂😂",
  "ujinga": "nimeacha",
  "serious": "yea😂 man",
  "babe": "yes🌷 honey💔😻",
  "baby": "honey😻🥲",
  "ngombe": "umbwa saana",
  "fala": "ngombe😂 wewe",
  "wewe": "tena nini",
  "sana": "kabisa",
  "dwanzi": "saana",
  "fuck": "you won't see heaven ohh😂",
  "idiot": "you won't see heaven ohh😂",
  "pussy": "you won't see heaven ohh😂",
  "dick": "you won't see heaven ohh😂",
  "cool": "fine",
  "budaa": "radako mzee",
  "budah": "radako mzee",
  "budaah": "radako mzee",
  "example": "sup!",
  "nakutaka": "hadi mimi😻🥲💔",
  "sikutaki": "hadi mimi😻🥲💔",
  "sikupendi": "hadi mimi😻🥲💔",
  "nakupenda": "hadi mimi😻🥲💔",
  "dude": "am listening to you!",
  "good": "cool man 😎",
  "perfect": "cool",
  "safi": "shwari",
  "lol": "cool",
  "nini": "kwenda baana",
  "baana": "jooh",
  "jooh": "bana",
  "teseka": "teseka😂 tena na tena na tena",
  "bana": "jooh",
  "pole": "nishapoa",
  "kababa": "niambie kamama😂",
  "kamama": "niambie kababa😂",
  "maajabu": "jehova take me 😂😂",
  "lala": "poa",
  "zoea": "ehh😂😂",
  "kufa": "hautaona binguni wewe",
  "akii": "walai",
  "walai": "aki",
  "aki": "walai",
  "siradi": "jehovah😂",
  "shiett": "jehovah😂😂",
  "how": " 'sup",
  "welcome": "thanks😻",
  "who": "'sup",
  "whom": "'sup",
  "congratulation": "thanks",
  "thanks": "my pleasure",
  "matako": "wwe unaniona tu kama kisogo yako😂😂",
  "follow": "done",
  "love": "love❤️ is a beautiful thing created by God❤️",
  "valentine": "happy valentines",
  "save": "done",
  "umbwa": "😂😂",
  "nkt": "well",
  "which": "'sup",
  "great": "superb",
  "fity": "ppoa boss",
  "fiti": "ppoa boss",
  "bot": "*Am a chatbot developed by my master Toputech, I have no age limit because I am a supernatural creator. You can deploy Alone Md or Topu Md bot here are their repositories: type repo and you will see 🙈*",
  "mambo": "ppoa, nko best na wewe?",
  "sasa": "ppoa, nko best na wewe?",
  "wozza": "radako mzee?",
  "vipi": "radako mzee?",
  "share": "done",
  "join": "done",
  "verify": "done",
  "help": "How can I assist you?!",
  "wollan": "😂😂",
  "mpenzi": "🥲❤️",
  "eiii": "eiii😂",
  "imejipa": "yea😂😂",
  "form": "nitolee😂😂",
  "mpoa": "❤️🥲😂yes",
  "nikam": "kamu teketeke😂😂",
  "ssup": "ssup😎",
  "mzee": " niaje ankoo ?",
  "mkuu": " radako mzee?",
  "yohh": " my friend! What’s up?",
  "yooh": " my friend! What’s up?",
  "hello": " How are you doing?",
  "kaka": "n vp aloo",
  "dada": "mimi si mtanzania budahh",
  "hi": "Hello! How are you doing?",
  "salut": "Comment puis-je vous aider, patron ?",
  "salute": "Comment puis-je vous aider, patron ?",
  "morning": "Morning too!",
  "how are you": "I am just a bot, but I am here to help you!",
  "goodnight": "sleep tight and dream of your beloved one 🥲💔!",
  "night": "Good night! Sleep well!",
  "bye": "Goodbye! Take care!"
}
